"id","first_name","last_name","address","city","state","email","phone","address2"
1,"Aesop","P.W. Corgi","522 Dog Way","Minneapolis","MN","BallinAesop818@gmail.com","95255512121","APT 35"
5,"Carlos","Quintero","34 Sugarbush Lane","Newark","New Jersey","cquintero48@yahoo.com","6784568823","Suite 10"
6,"Tobias","Gutsche","100 Dalmation Avenue","Wilmington","North Carolina","TGustche87@gmail.com","7654359087",
7,"Anastasia","Howard","678 Verde Road","Miami","Florida","Anastasia.Angel@icloud.com","6785421234","Apt. 786"
8,"David","Maximillion","3 Harvard Street","Savannah","Idaho","kiitonga.h@yahoo.com","6324537612",
9,"Rhonda","Sturkie","76 Hunter Avenue","Juniper","New York","SturkieTurkey@gmail.com","7894522389",
